{
  "temperature_control": false,
  "epsilon": 0,
  "sigma": 0.2,
  "lennard_jones_forces": true,
  "coulomb_forces": false,
  "width": null,
  "height": null,
  "atoms": {
    "X": [
      0.63,
      0.63,
      0.8810859121778124,
      0.8787263932793421,
      1.26
    ],
    "Y": [
      0.9275387780838712,
      1.1729400871034412,
      0.927065133507517,
      1.1724550989484173,
      1.05
    ],
    "VX": [
      0,
      0,
      -0.00012246462818924327,
      -0.000045279432135749796,
      0
    ],
    "VY": [
      0,
      0,
      -0.000018035502581396377,
      0.00002488694987782323,
      0
    ],
    "CHARGE": [
      0,
      0,
      0,
      0,
      0
    ]
  }
}