{
  "temperature_control": false,
  "epsilon": -0.30000001192092896,
  "sigma": 0.2,
  "lennard_jones_forces": true,
  "coulomb_forces": false,
  "width": null,
  "height": null,
  "atoms": {
    "X": [
      0.7383808738761057,
      0.7458598261222729,
      0.5015788454977614,
      0.5184211545022386,
      0.9815186000032428
    ],
    "Y": [
      0.8858403644752464,
      0.6474496515368867,
      0.8957345783145237,
      0.6442654216854763,
      0.7834199679757344
    ],
    "VX": [
      -4.4906850631593503e-8,
      7.229107539290482e-7,
      0,
      0,
      -1.1596913837688479e-7
    ],
    "VY": [
      -4.905145788931799e-7,
      -8.712290546733473e-7,
      0,
      0,
      6.379153890794307e-8
    ],
    "CHARGE": [
      0,
      0,
      0,
      0,
      0
    ]
  }
}