{
  "temperature_control": false,
  "lennard_jones_forces": true,
  "coulomb_forces": false,
  "width": 4,
  "height": 2.5,
  "elements": [
    {
      "id": 0,
      "mass": null,
      "sigma": 0.07,
      "epsilon": -0.1
    },
    {
      "id": 1,
      "mass": 240,
      "sigma": 0.14,
      "epsilon": -0.1
    },
    {
      "id": 2,
      "mass": 360,
      "sigma": 0.21,
      "epsilon": -0.1
    },
    {
      "id": 3,
      "mass": 480,
      "sigma": 0.28,
      "epsilon": -0.1
    }
  ],
  "atoms": {
    "X": [
      3.144752378026955,
      3.357833074948467,
      3.437710677871304,
      1.9693522330944575,
      3.727146575459392,
      3.571787029927465,
      2.099959229956169,
      3.3829380565199,
      0.5900188394169481,
      2.3975441228735916,
      2.7256153954482345,
      2.5979264331260317,
      1.73,
      1.7,
      1.64,
      1.54,
      1.43,
      1.29,
      1.15,
      1.01,
      0.9,
      0.82,
      0.78,
      0.78,
      0.83,
      0.9,
      0.99,
      1.1,
      1.22,
      1.34,
      1.46,
      1.56,
      1.64,
      1.69
    ],
    "Y": [
      1.700735420506075,
      0.20199698371807642,
      1.2316551627253844,
      0.5128602428118145,
      0.7706788591357259,
      1.0731091941760087,
      0.08980625227102224,
      1.964745067821843,
      0.5454013875836512,
      0.5181257899583278,
      0.6497898132799897,
      0.49166587293931113,
      1.15,
      1.01,
      0.88,
      0.78,
      0.72,
      0.69,
      0.7,
      0.75,
      0.84,
      0.96,
      1.1,
      1.24,
      1.37,
      1.47,
      1.55,
      1.6,
      1.62,
      1.62,
      1.58,
      1.51,
      1.43,
      1.32
    ],
    "VX": [
      -0.00001441899259484005,
      0.00013908110794336493,
      0.0001446933776789543,
      -0.0005124692142607138,
      -0.00015947596268939157,
      0.00002832781303343744,
      -0.0002750126103235083,
      -0.0001567403710550417,
      -0.00042284938187415035,
      0.0005423801209431329,
      0.0003735213382963775,
      -0.00029800349454331735,
      0,
      0,
      0,
      0,
      0,
      0,
      0,
      0,
      0,
      0,
      0,
      0,
      0,
      0,
      0,
      0,
      0,
      0,
      0,
      0,
      0,
      0
    ],
    "VY": [
      0.0001818793958051673,
      0.0006285570653240488,
      0.00011727016448053967,
      0.0007876315954924508,
      0.000510698876920986,
      -0.00025937591739721484,
      0.00009342571825965028,
      0.0001682428290526145,
      0.00042882316220418373,
      0.00017201372178068665,
      0.00040586968536400784,
      -0.00017429699474187603,
      0,
      0,
      0,
      0,
      0,
      0,
      0,
      0,
      0,
      0,
      0,
      0,
      0,
      0,
      0,
      0,
      0,
      0,
      0,
      0,
      0,
      0
    ],
    "CHARGE": [
      0,
      0,
      0,
      0,
      0,
      0,
      0,
      0,
      0,
      0,
      0,
      0,
      0,
      0,
      0,
      0,
      0,
      0,
      0,
      0,
      0,
      0,
      0,
      0,
      0,
      0,
      0,
      0,
      0,
      0,
      0,
      0,
      0,
      0
    ],
    "ELEMENT": [
      1,
      1,
      1,
      1,
      1,
      1,
      1,
      2,
      2,
      1,
      1,
      2,
      4,
      4,
      4,
      4,
      4,
      4,
      4,
      4,
      4,
      4,
      4,
      4,
      4,
      4,
      4,
      4,
      4,
      4,
      4,
      4,
      4,
      4
    ]
  }
}