{
  "temperature_control": false,
  "epsilon": 0,
  "sigma": 0.14,
  "lennard_jones_forces": true,
  "coulomb_forces": false,
  "width": 2.45,
  "height": 2.8,
  "atoms": {
    "X": [
      1.742133776424735,
      1.8378662235752647,
      0.907488862169022,
      0.832511137830978
    ],
    "Y": [
      1.3221481427160466,
      1.1778518572839534,
      1.8631468896812375,
      1.7168531103187623
    ],
    "VX": [
      0.0021989259800271337,
      -0.00027268047482399455,
      -0.0010640050033109134,
      -0.0018156937505269253
    ],
    "VY": [
      0.001120516005308932,
      -0.00025063703089516545,
      -0.0005426502509197575,
      0.0006935968920989896
    ],
    "CHARGE": [
      0,
      0,
      0,
      0
    ]
  }
}