{
  "temperature_control": false,
  "epsilon": -0.009999999776482582,
  "sigma": 0.21,
  "lennard_jones_forces": true,
  "coulomb_forces": false,
  "width": 4,
  "height": 2.4,
  "atoms": {
    "X": [
      1.85,
      0.42,
      0.99,
      2.213444421708295,
      3.069414752766844,
      3.44,
      0.55,
      3.49,
      0.12118509503804159,
      1.7021621742171318
    ],
    "Y": [
      1.7,
      1.84,
      1.29,
      1.1293213000187279,
      0.5782780636859343,
      1.73,
      0.34,
      1.07,
      1.2011231438576129,
      0.5826217555834244
    ],
    "VX": [
      0.00012371392329661715,
      0.000286568840559571,
      0.00025072461733917367,
      -0.0002488686503560981,
      -0.0003627005891374497,
      0.00010183459406298876,
      0.00019951633586997683,
      -0.0002251652716149571,
      -0.00008486927624198705,
      -0.00004075452377783543
    ],
    "VY": [
      -0.00002450726319201402,
      0.00008428540646204335,
      -0.00015012021976145605,
      0.0001165572550983243,
      0.0002776326938208367,
      0.00019684291204436307,
      -0.000007538234098949979,
      -0.00043303132844489325,
      -0.00005877666486246797,
      -0.0000013445570657861343
    ],
    "CHARGE": [
      0,
      0,
      0,
      0,
      0,
      0,
      0,
      0,
      0,
      0
    ]
  }
}