{
  "temperature_control": false,
  "epsilon": 0,
  "sigma": 0.14,
  "lennard_jones_forces": true,
  "coulomb_forces": false,
  "width": 2.9,
  "height": 2,
  "atoms": {
    "X": [
      1.4192489762637288,
      1.500751023736271,
      0.5848023469265797,
      0.7151976530734203,
      1.5847177413550098,
      1.3952822586449904,
      2.2014250489245533,
      2.0585749510754474,
      0.7075980042094139,
      0.5524019957905861,
      1.8973870554516352,
      2.1026129445483646
    ],
    "Y": [
      0.6672232497490598,
      0.8127767502509403,
      0.5379772420342818,
      0.6420227579657183,
      1.6127945669720036,
      1.4472054330279962,
      1.0769237455346103,
      1.1630762544653896,
      1.3194115862562712,
      1.380588413743729,
      0.5027803164227137,
      0.3572196835772863
    ],
    "VX": [
      0.0018020847509394775,
      0.0006917245098786197,
      0.0018020847509394775,
      0.0006917245098786197,
      0.001040698156998557,
      -0.0008001987081906391,
      0.0018020847509394775,
      0.0006917245098786197,
      0.0018020847509394775,
      0.0006917245098786197,
      0.001040698156998557,
      -0.0008001987081906391
    ],
    "VY": [
      -0.0004713725414495413,
      0.00020743365921404907,
      -0.0004713725414495413,
      0.00020743365921404907,
      0.0004837396463587673,
      -0.0004159420534558525,
      -0.0004713725414495413,
      0.00020743365921404907,
      -0.0004713725414495413,
      0.00020743365921404907,
      0.0004837396463587673,
      -0.0004159420534558525
    ],
    "CHARGE": [
      0,
      0,
      0,
      0,
      0,
      0,
      0,
      0,
      0,
      0,
      0,
      0
    ]
  }
}