{
  "temperature_control": false,
  "epsilon": 0,
  "sigma": 0.14,
  "lennard_jones_forces": true,
  "coulomb_forces": false,
  "width": null,
  "height": null,
  "atoms": {
    "X": [
      0.9492928775477565,
      0.8507071224522436,
      1.4726008003037387,
      1.6273991996962613,
      0.7717553414250189,
      0.6882446585749811
    ],
    "Y": [
      1.0257736521886691,
      0.894226347811331,
      1.5006261981808984,
      1.5593738018191017,
      1.5292013237295061,
      1.670798676270494
    ],
    "VX": [
      -0.0012360716685152111,
      -0.001775132883601733,
      0.0004837683864109025,
      0.001077276252213978,
      -0.0012360716685152111,
      -0.001775132883601733
    ],
    "VY": [
      0.0004567708618233852,
      0.0004677047500252887,
      0.0016983967593584427,
      -0.0017166874579655697,
      0.0004567708618233852,
      0.0004677047500252887
    ],
    "CHARGE": [
      0,
      0,
      0,
      0,
      0,
      0
    ]
  }
}