{
  "temperature_control": false,
  "epsilon": 0,
  "sigma": 0.14,
  "lennard_jones_forces": true,
  "coulomb_forces": false,
  "width": null,
  "height": null,
  "atoms": {
    "X": [
      0.4431385803222656,
      0.4661912155151367,
      2.1418798828125,
      2.3233026123046874
    ],
    "Y": [
      0.4700840759277344,
      0.3070463562011719,
      1.1945527648925782,
      1.0289144134521484
    ],
    "VX": [
      -0.0012865085899829865,
      0.00030126189813017845,
      0.0005383283644914628,
      0.0017095820605754852
    ],
    "VY": [
      -0.00044849835336208344,
      -0.00048342082649469373,
      -0.00046206358820199966,
      0.0002970227599143982
    ],
    "CHARGE": [
      0,
      0,
      0,
      0
    ]
  }
}