{
  "temperature_control": false,
  "epsilon": 0,
  "sigma": 0.21,
  "lennard_jones_forces": true,
  "coulomb_forces": false,
  "width": null,
  "height": null,
  "atoms": {
    "X": [
      1.0047360871192048,
      0.7552639128807951,
      1.5271651680230185,
      1.6128348319769816
    ],
    "Y": [
      0.6063492941029955,
      0.5736507058970045,
      1.478285958663655,
      1.241714041336345
    ],
    "VX": [
      0.001040698156998557,
      -0.0008001987081906391,
      0.001040698156998557,
      -0.0008001987081906391
    ],
    "VY": [
      0.0004837396463587673,
      -0.0004159420534558525,
      0.0004837396463587673,
      -0.0004159420534558525
    ],
    "CHARGE": [
      0,
      0,
      0,
      0
    ]
  }
}