{
  "temperature_control": false,
  "epsilon": 0,
  "sigma": 0.14,
  "lennard_jones_forces": true,
  "coulomb_forces": false,
  "width": 2.6,
  "height": 2,
  "atoms": {
    "X": [
      1.129248976263729,
      1.210751023736271,
      0.47064918562227803,
      0.569350814377722,
      0.9248023469265797,
      1.0551976530734206,
      2.1042881379975125,
      2.3557118620024875,
      1.7547177413550097,
      1.5652822586449904,
      0.390649185622278,
      0.489350814377722,
      1.571425048924553,
      1.428574951075447
    ],
    "Y": [
      1.5472232497490597,
      1.6927767502509403,
      1.3957190043498984,
      1.1642809956501017,
      0.6279772420342817,
      0.7320227579657179,
      1.344787337396055,
      1.3352126626039449,
      0.7127945669720037,
      0.5472054330279963,
      0.6157190043498982,
      0.3842809956501017,
      1.1469237455346102,
      1.2330762544653897
    ],
    "VX": [
      0.0018020847509394775,
      0.0006917245098786197,
      0.001040698156998557,
      -0.0008001987081906391,
      0.0018020847509394775,
      0.0006917245098786197,
      0.001040698156998557,
      -0.0008001987081906391,
      0.001040698156998557,
      -0.0008001987081906391,
      0.001040698156998557,
      -0.0008001987081906391,
      0.0018020847509394775,
      0.0006917245098786197
    ],
    "VY": [
      -0.0004713725414495413,
      0.00020743365921404907,
      0.0004837396463587673,
      -0.0004159420534558525,
      -0.0004713725414495413,
      0.00020743365921404907,
      0.0004837396463587673,
      -0.0004159420534558525,
      0.0004837396463587673,
      -0.0004159420534558525,
      0.0004837396463587673,
      -0.0004159420534558525,
      -0.0004713725414495413,
      0.00020743365921404907
    ],
    "CHARGE": [
      0,
      0,
      0,
      0,
      0,
      0,
      0,
      0,
      0,
      0,
      0,
      0,
      0,
      0
    ]
  }
}