{
  "temperature_control": false,
  "epsilon": 0,
  "sigma": 0.14,
  "lennard_jones_forces": true,
  "coulomb_forces": false,
  "width": null,
  "height": null,
  "atoms": {
    "X": [
      2.166552772521973,
      2.333447227478027,
      1.406381950378418,
      1.473618049621582,
      0.5904212188720703,
      0.3695787811279297,
      0.436381950378418,
      0.5036180496215821,
      1.603127608208218,
      1.816872391791782
    ],
    "Y": [
      1.2572016906738281,
      1.2627983093261719,
      1.8112866973876953,
      1.5687133026123048,
      0.4399163436889648,
      0.5600836563110352,
      1.3712866973876954,
      1.1287133026123046,
      0.5635249814119817,
      0.6964750185880183
    ],
    "VX": [
      -0.0008653637766838074,
      -0.000739225372672081,
      0.0001843058690428734,
      0.001541149914264679,
      -0.00048603657633066176,
      0.00022809268906712532,
      0.0001843058690428734,
      0.001541149914264679,
      0.0001843058690428734,
      0.001541149914264679
    ],
    "VY": [
      0.00042888592928647996,
      -0.0013852180540561677,
      -0.0006584689021110534,
      -0.00008833045139908791,
      -0.00005866617430001497,
      0.0014355297386646271,
      -0.0006584689021110534,
      -0.00008833045139908791,
      -0.0006584689021110534,
      -0.00008833045139908791
    ],
    "CHARGE": [
      0,
      0,
      0,
      0,
      0,
      0,
      0,
      0,
      0,
      0
    ]
  }
}