{
  "temperature_control": false,
  "epsilon": 0,
  "sigma": 0.21,
  "lennard_jones_forces": true,
  "coulomb_forces": false,
  "width": null,
  "height": null,
  "atoms": {
    "X": [
      2.024736087119205,
      1.775263912880795,
      1.0271651680230185,
      1.1128348319769816,
      0.802753414368776,
      0.9172465856312241
    ],
    "Y": [
      0.9563492941029955,
      0.9236507058970045,
      0.668285958663655,
      0.43171404133634494,
      1.3679767020613878,
      1.5920232979386122
    ],
    "VX": [
      0.001040698156998557,
      -0.0008001987081906391,
      0.001040698156998557,
      -0.0008001987081906391,
      0.001040698156998557,
      -0.0008001987081906391
    ],
    "VY": [
      0.0004837396463587673,
      -0.0004159420534558525,
      0.0004837396463587673,
      -0.0004159420534558525,
      0.0004837396463587673,
      -0.0004159420534558525
    ],
    "CHARGE": [
      0,
      0,
      0,
      0,
      0,
      0
    ]
  }
}