{
  "temperature_control": false,
  "epsilon": 0,
  "sigma": 0.14,
  "lennard_jones_forces": true,
  "coulomb_forces": false,
  "width": null,
  "height": null,
  "atoms": {
    "X": [
      1.159248976263729,
      1.240751023736271
    ],
    "Y": [
      0.9772232497490597,
      1.1227767502509403
    ],
    "VX": [
      0.0018020847509394775,
      0.0006917245098786197
    ],
    "VY": [
      -0.0004713725414495413,
      0.00020743365921404907
    ],
    "CHARGE": [
      0,
      0
    ]
  }
}