{
  "temperature_control": false,
  "epsilon": 0,
  "sigma": 0.14,
  "lennard_jones_forces": true,
  "coulomb_forces": false,
  "width": 2.6,
  "height": 2,
  "atoms": {
    "X": [
      1.8592489762637292,
      1.9407510237362713,
      1.07480234692658,
      1.2051976530734203,
      0.9947177413550097,
      0.8052822586449904,
      2.071425048924553,
      1.928574951075447
    ],
    "Y": [
      1.5172232497490596,
      1.6627767502509403,
      0.33797724203428203,
      0.44202275796571827,
      1.4227945669720037,
      1.2572054330279963,
      0.4369237455346104,
      0.5230762544653896
    ],
    "VX": [
      0.0018020847509394775,
      0.0006917245098786197,
      0.0018020847509394775,
      0.0006917245098786197,
      0.001040698156998557,
      -0.0008001987081906391,
      0.0018020847509394775,
      0.0006917245098786197
    ],
    "VY": [
      -0.0004713725414495413,
      0.00020743365921404907,
      -0.0004713725414495413,
      0.00020743365921404907,
      0.0004837396463587673,
      -0.0004159420534558525,
      -0.0004713725414495413,
      0.00020743365921404907
    ],
    "CHARGE": [
      0,
      0,
      0,
      0,
      0,
      0,
      0,
      0
    ]
  }
}