{
  "type": "energy2d",
  "use_WebGL": false,
  "grid_width": 100,
  "grid_height": 100,
  "model_width": 2,
  "model_height": 2,
  "timeStep": 10,
  "timeStepsPerTick": 4,
  "ticksPerGPUSync": 30,
  "convective": false,
  "background_temperature": 20,
  "background_conductivity": 0.01,
  "background_specific_heat": 1012,
  "background_density": 1.204,
  "background_viscosity": 0.0001568,
  "thermal_buoyancy": 0.00025,
  "buoyancy_approximation": 0,
  "boundary": {
    "type": "flux",
    "upper": 0,
    "lower": 0,
    "left": 1,
    "right": -1
  },
  "sunny": false,
  "sun_angle": 1.5707964,
  "solar_power_density": 2000,
  "solar_ray_count": 24,
  "solar_ray_speed": 0.1,
  "photon_emission_interval": 20,
  "viewOptions": {
    "showClock": true,
    "controlButtons": "play_reset",
    "color_palette_type": 0,
    "velocity": false,
    "minimum_temperature": -50,
    "maximum_temperature": 50,
    "enableKeyboardHandlers": true
  },
  "structure": {
    "part": [
      {
        "shapeType": "polygon",
        "x": 0,
        "y": 0,
        "vertices": "0.9887859, 0.18657875, 0.96286577, 0.17793798, 0.9283058, 0.19521785, 0.91966575, 0.21249795, 0.9110257, 0.22977853, 0.90238565, 0.24705863, 0.89374584, 0.2643385, 0.89374584, 0.2816186, 0.90238565, 0.31617904, 0.9110257, 0.33345914, 0.9110257, 0.35073924, 0.9283058, 0.3680179, 0.9283058, 0.385298, 0.9283058, 0.39393878, 0.93694586, 0.41121888, 0.9283058, 0.42849946, 0.87646574, 0.45441866, 0.8332657, 0.48033786, 0.79870576, 0.48897934, 0.78142565, 0.49761844, 0.77278584, 0.5062587, 0.7641458, 0.5321784, 0.75550574, 0.55809927, 0.7468657, 0.6099386, 0.7468657, 0.6704185, 0.7295858, 0.71361876, 0.7209458, 0.74817944, 0.7209458, 0.791379, 0.6950256, 0.85185885, 0.6863858, 0.9123385, 0.6863858, 0.93825793, 0.67774576, 1.0851383, 0.67774576, 1.1110592, 0.6863858, 1.1456194, 0.6863858, 1.1888189, 0.6950256, 1.1974583, 0.7123057, 1.2060986, 0.7209458, 1.2147388, 0.7295858, 1.2147388, 0.73822564, 1.2060986, 0.7468657, 1.1974583, 0.73822564, 1.1974583, 0.7295858, 1.1888189, 0.7209458, 1.1715388, 0.7123057, 1.1628981, 0.7123057, 1.1542587, 0.7209458, 1.1628981, 0.7209458, 1.1715388, 0.7295858, 1.1801782, 0.73822564, 1.1974583, 0.7468657, 1.1801782, 0.7468657, 1.1628981, 0.73822564, 1.1196985, 0.7295858, 1.0937791, 0.7209458, 1.0764985, 0.7295858, 1.0505776, 0.7468657, 1.0160177, 0.75550574, 0.9814589, 0.77278584, 0.9209788, 0.78142565, 0.8950579, 0.7900657, 0.86049795, 0.7900657, 0.8345783, 0.79870576, 0.791379, 0.8073458, 0.756819, 0.8073458, 0.74817944, 0.8332657, 0.73953843, 0.8419058, 0.8000183, 0.8505458, 0.86049795, 0.8505458, 0.9296179, 0.8419058, 0.9814589, 0.8246257, 1.0246587, 0.8246257, 1.0505776, 0.81598586, 1.0764985, 0.81598586, 1.1283393, 0.8073458, 1.1542587, 0.8073458, 1.2838593, 0.8073458, 1.3270578, 0.81598586, 1.3788986, 0.81598586, 1.4048185, 0.8073458, 1.4307394, 0.79870576, 1.4393787, 0.79870576, 1.4912195, 0.79870576, 1.5084972, 0.78142565, 1.5516987, 0.7641458, 1.5862589, 0.75550574, 1.6121788, 0.7641458, 1.7417784, 0.77278584, 1.7763395, 0.77278584, 1.8800182, 0.7641458, 1.8800182, 0.7641458, 1.9145784, 0.7468657, 1.931859, 0.73822564, 1.9404984, 0.7295858, 1.9491386, 0.7209458, 1.9577789, 0.8332657, 1.9577789, 0.8332657, 1.8713789, 0.8332657, 1.8022585, 0.8419058, 1.7763395, 0.8505458, 1.7331381, 0.8591859, 1.6899385, 0.8678257, 1.6640196, 0.8678257, 1.6294594, 0.8678257, 1.5948982, 0.8678257, 1.5689793, 0.87646574, 1.5430593, 0.8851058, 1.5257788, 0.89374584, 1.5084972, 0.90238565, 1.4912195, 0.91966575, 1.4566593, 0.9283058, 1.4220991, 0.93694586, 1.3788986, 0.93694586, 1.3356981, 0.9455859, 1.2838593, 0.96286577, 1.2060986, 0.9801459, 1.1628981, 0.9887859, 1.1542587, 0.99742573, 1.1628981, 1.0147057, 1.249299, 1.0319858, 1.3097792, 1.0492659, 1.4134588, 1.0665457, 1.473939, 1.0751858, 1.4998579, 1.1011057, 1.5344181, 1.1011057, 1.560338, 1.1011057, 1.5948982, 1.1011057, 1.646739, 1.1270256, 1.7158594, 1.1443057, 1.759059, 1.1443057, 1.8022585, 1.1529458, 1.8281794, 1.1443057, 1.8540983, 1.1443057, 1.8800182, 1.1443057, 1.9664192, 1.2479858, 1.9404984, 1.2047856, 1.9145784, 1.2134259, 1.8886585, 1.2134259, 1.8540983, 1.2047856, 1.8195391, 1.2134259, 1.7763395, 1.2220654, 1.7331381, 1.2220654, 1.672658, 1.2307057, 1.6380997, 1.2220654, 1.6121788, 1.2134259, 1.5862589, 1.2047856, 1.560338, 1.1961455, 1.5344181, 1.187506, 1.5084972, 1.187506, 1.4825792, 1.1788657, 1.4566593, 1.1702259, 1.4393787, 1.1702259, 1.387538, 1.1702259, 1.3184195, 1.1702259, 1.2320185, 1.1702259, 1.1456194, 1.1615858, 1.0937791, 1.1529458, 1.0592184, 1.1443057, 1.0332994, 1.1356657, 0.9814589, 1.1356657, 0.9209788, 1.1270256, 0.87777853, 1.1270256, 0.84321976, 1.1356657, 0.78273773, 1.1443057, 0.756819, 1.1529458, 0.73089814, 1.1702259, 0.73953843, 1.1702259, 0.7654581, 1.1788657, 0.8000183, 1.187506, 0.8345783, 1.187506, 0.86049795, 1.1961455, 0.8864188, 1.2047856, 0.9209788, 1.2134259, 0.9641788, 1.2393456, 1.0160177, 1.2479858, 1.0505776, 1.2479858, 1.0678582, 1.2479858, 1.1110592, 1.2393456, 1.1369781, 1.2307057, 1.1715388, 1.2307057, 1.1888189, 1.2566257, 1.1888189, 1.265266, 1.1801782, 1.265266, 1.1628981, 1.2739058, 1.1628981, 1.2825456, 1.1715388, 1.2739058, 1.1888189, 1.2566257, 1.1974583, 1.2479858, 1.1974583, 1.2307057, 1.1974583, 1.2393456, 1.2060986, 1.265266, 1.2147388, 1.2911859, 1.1974583, 1.2998257, 1.1715388, 1.3084657, 1.1542587, 1.2998257, 1.1283393, 1.2998257, 1.1110592, 1.2998257, 1.0678582, 1.2911859, 1.0419388, 1.2998257, 1.0160177, 1.2998257, 0.9814589, 1.2911859, 0.9123385, 1.2825456, 0.86913824, 1.2739058, 0.825938, 1.265266, 0.8000183, 1.2566257, 0.756819, 1.2479858, 0.72225857, 1.2393456, 0.6790588, 1.2307057, 0.6531379, 1.2307057, 0.62721825, 1.2307057, 0.58401895, 1.2307057, 0.55809927, 1.2220654, 0.5321784, 1.2047856, 0.5148983, 1.187506, 0.49761844, 1.1615858, 0.48897934, 1.1356657, 0.48033786, 1.0924656, 0.44577765, 1.0492659, 0.41985798, 1.0406256, 0.41121888, 1.0406256, 0.39393878, 1.0492659, 0.3680179, 1.0579059, 0.35073924, 1.0751858, 0.33345914, 1.0751858, 0.30753827, 1.0751858, 0.2816186, 1.0665457, 0.25569773, 1.0579059, 0.22977853, 1.0492659, 0.20385885, 1.0319858, 0.19521785, 1.0233457, 0.18657875, 1.0147057, 0.18657875, 0.99742573, 0.18657875",
        "thermal_conductivity": 1,
        "specific_heat": 1300,
        "density": 25,
        "transmission": 0,
        "reflection": 0,
        "absorption": 1,
        "emissivity": 0,
        "temperature": 36,
        "constant_temperature": false,
        "power": 10,
        "wind_speed": 0,
        "wind_angle": 0,
        "visible": true,
        "filled": false,
        "color": "auto",
        "label": "",
        "texture": false,
        "draggable": true
      }
    ]
  },
  "sensors": [
    {
      "type": "thermometer",
      "x": 0.24867725,
      "y": 0.47619048,
      "label": ""
    },
    {
      "type": "thermometer",
      "x": 1.0026455,
      "y": 0.76719576,
      "label": ""
    },
    {
      "type": "thermometer",
      "x": 1.7751323,
      "y": 0.52910054,
      "label": ""
    }
  ]
}