{
  "type": "energy2d",
  "use_WebGL": false,
  "grid_width": 100,
  "grid_height": 100,
  "model_width": 10,
  "model_height": 10,
  "timeStep": 1,
  "timeStepsPerTick": 4,
  "ticksPerGPUSync": 30,
  "convective": true,
  "background_temperature": 0,
  "background_conductivity": 0.001,
  "background_specific_heat": 1012,
  "background_density": 1.204,
  "background_viscosity": 0.0001,
  "thermal_buoyancy": 0.00025,
  "buoyancy_approximation": 0,
  "boundary": {
    "type": "temperature",
    "upper": 0,
    "lower": 0,
    "left": 0,
    "right": 0
  },
  "sunny": true,
  "sun_angle": 1.5707964,
  "solar_power_density": 10000,
  "solar_ray_count": 24,
  "solar_ray_speed": 0.1,
  "photon_emission_interval": 2,
  "viewOptions": {
    "showClock": true,
    "controlButtons": "play_reset",
    "color_palette_type": 0,
    "velocity": false,
    "minimum_temperature": 0,
    "maximum_temperature": 100,
    "enableKeyboardHandlers": true
  },
  "structure": {
    "part": [
      {
        "shapeType": "rectangle",
        "x": 4.5,
        "y": 6.2870355,
        "width": 1,
        "height": 0.5,
        "thermal_conductivity": 1,
        "specific_heat": 1000,
        "density": 10,
        "transmission": 0,
        "reflection": 0,
        "absorption": 1,
        "emissivity": 0,
        "temperature": 0,
        "constant_temperature": false,
        "power": 0,
        "wind_speed": 0,
        "wind_angle": 0,
        "visible": true,
        "filled": false,
        "color": "auto",
        "label": "",
        "texture": false,
        "draggable": true
      },
      {
        "shapeType": "polygon",
        "x": 0,
        "y": 0,
        "vertices": "0.049999252, 6.6197443, 0.14999916, 6.7187443, 0.2499993, 6.8157444, 0.3499992, 6.9107447, 0.44999933, 7.003745, 0.54999924, 7.0947447, 0.64999914, 7.1837444, 0.7499993, 7.2707453, 0.8499992, 7.3557463, 0.94999933, 7.4387465, 1.0499992, 7.519747, 1.1499991, 7.598748, 1.2499993, 7.675748, 1.3499993, 7.7507486, 1.4499992, 7.8237486, 1.5499992, 7.8947477, 1.6499993, 7.9637475, 1.7499993, 8.030747, 1.8499993, 8.095747, 1.9499993, 8.158748, 2.0499992, 8.219748, 2.1499994, 8.278748, 2.2499993, 8.335747, 2.3499992, 8.390747, 2.4499993, 8.4437475, 2.5499992, 8.494747, 2.6499994, 8.543747, 2.7499993, 8.590747, 2.8499992, 8.635747, 2.9499993, 8.678747, 3.0499992, 8.719748, 3.1499994, 8.758747, 3.2499993, 8.795747, 3.3499992, 8.830748, 3.4499993, 8.863748, 3.5499992, 8.894747, 3.6499994, 8.923747, 3.7499993, 8.9507475, 3.8499992, 8.975747, 3.9499996, 8.998747, 4.049999, 9.019747, 4.1499996, 9.038747, 4.25, 9.055747, 4.3499994, 9.070747, 4.45, 9.083747, 4.549999, 9.094748, 4.6499996, 9.103747, 4.75, 9.110747, 4.8499994, 9.115747, 4.95, 9.118747, 5.049999, 9.119747, 5.1499996, 9.118747, 5.25, 9.115747, 5.3499994, 9.110747, 5.45, 9.103747, 5.549999, 9.094748, 5.6499996, 9.083747, 5.75, 9.070747, 5.8499994, 9.055747, 5.95, 9.038747, 6.049999, 9.019747, 6.1499996, 8.998747, 6.25, 8.975747, 6.3499994, 8.9507475, 6.45, 8.923747, 6.549999, 8.894747, 6.6499996, 8.863748, 6.75, 8.830747, 6.8499994, 8.795747, 6.95, 8.758747, 7.049999, 8.719748, 7.1499996, 8.678747, 7.25, 8.635747, 7.3499994, 8.590747, 7.45, 8.543747, 7.549999, 8.494747, 7.6499996, 8.4437475, 7.75, 8.390747, 7.8499994, 8.335747, 7.95, 8.278748, 8.049999, 8.219748, 8.15, 8.158747, 8.249998, 8.095747, 8.349998, 8.030747, 8.449999, 7.9637475, 8.549999, 7.8947477, 8.65, 7.8237467, 8.749998, 7.7507486, 8.849998, 7.675748, 8.949999, 7.598748, 9.049999, 7.519747, 9.15, 7.4387465, 9.249998, 7.3557463, 9.349998, 7.2707453, 9.449999, 7.1837435, 9.549999, 7.0947447, 9.65, 7.003744, 9.749998, 6.9107447, 9.849998, 6.8157444, 9.949999, 6.7187433, 9.949999, 6.918744, 9.849998, 7.015744, 9.749998, 7.1107445, 9.65, 7.203744, 9.549999, 7.2947454, 9.449999, 7.3837442, 9.349998, 7.470746, 9.249998, 7.555747, 9.15, 7.638747, 9.049999, 7.7197466, 8.949999, 7.798747, 8.849998, 7.8757467, 8.749998, 7.950748, 8.65, 8.0237465, 8.549999, 8.094747, 8.449999, 8.163747, 8.349998, 8.230747, 8.249998, 8.295747, 8.15, 8.358747, 8.049999, 8.419747, 7.95, 8.478747, 7.8499994, 8.535747, 7.75, 8.590747, 7.6499996, 8.643747, 7.549999, 8.694747, 7.45, 8.743747, 7.3499994, 8.790747, 7.25, 8.835747, 7.1499996, 8.878747, 7.049999, 8.919747, 6.95, 8.958747, 6.8499994, 8.995747, 6.75, 9.030746, 6.6499996, 9.063747, 6.549999, 9.094747, 6.45, 9.123747, 6.3499994, 9.150747, 6.25, 9.175747, 6.1499996, 9.198747, 6.049999, 9.219747, 5.95, 9.238747, 5.8499994, 9.255747, 5.75, 9.270747, 5.6499996, 9.283747, 5.549999, 9.294747, 5.45, 9.303747, 5.3499994, 9.310747, 5.25, 9.315747, 5.1499996, 9.318747, 5.049999, 9.319747, 4.95, 9.318747, 4.8499994, 9.315747, 4.75, 9.310747, 4.6499996, 9.303747, 4.549999, 9.294747, 4.45, 9.283747, 4.3499994, 9.270747, 4.25, 9.255747, 4.1499996, 9.238747, 4.049999, 9.219747, 3.9499996, 9.198747, 3.8499992, 9.175747, 3.7499993, 9.150747, 3.6499994, 9.123747, 3.5499992, 9.094747, 3.4499993, 9.063747, 3.3499992, 9.030747, 3.2499993, 8.995747, 3.1499994, 8.958747, 3.0499992, 8.919747, 2.9499993, 8.878747, 2.8499992, 8.835747, 2.7499993, 8.790747, 2.6499994, 8.743747, 2.5499992, 8.694747, 2.4499993, 8.643747, 2.3499992, 8.590747, 2.2499993, 8.535747, 2.1499994, 8.478747, 2.0499992, 8.419747, 1.9499993, 8.3587475, 1.8499993, 8.295747, 1.7499993, 8.230747, 1.6499993, 8.163747, 1.5499992, 8.094747, 1.4499992, 8.023747, 1.3499993, 7.950748, 1.2499993, 7.8757467, 1.1499991, 7.798747, 1.0499992, 7.7197466, 0.94999933, 7.638747, 0.8499992, 7.555747, 0.7499993, 7.470746, 0.64999914, 7.383746, 0.54999924, 7.2947454, 0.44999933, 7.203746, 0.3499992, 7.1107445, 0.2499993, 7.015744, 0.14999916, 6.918744, 0.049999252, 6.819744",
        "thermal_conductivity": 1,
        "specific_heat": 1300,
        "density": 25,
        "transmission": 0,
        "reflection": 1,
        "absorption": 0,
        "emissivity": 0,
        "temperature": 0,
        "constant_temperature": false,
        "power": 0,
        "wind_speed": 0,
        "wind_angle": 0,
        "visible": true,
        "filled": true,
        "color": "auto",
        "label": "",
        "texture": true,
        "draggable": true
      }
    ]
  },
  "sensors": [
    {
      "type": "thermometer",
      "x": 5,
      "y": 6.5370355,
      "label": ""
    },
    {
      "type": "anemometer",
      "x": 5.026455,
      "y": 4.0608463,
      "label": ""
    }
  ]
}