{
  "temperature_control": false,
  "epsilon": -0.009999999776482582,
  "sigma": 0.14,
  "lennard_jones_forces": true,
  "coulomb_forces": false,
  "width": null,
  "height": null,
  "atoms": {
    "X": [
      1.2645635337601342,
      1.3047631437139722,
      1.3854422746886499,
      1.9757939012539523,
      2.045470585356621,
      2.0844255661714173,
      1.414083329285659,
      1.5938819331474345,
      1.7738621810976025,
      1.9440276978152704,
      1.6885811615999236,
      1.5289618890073406,
      1.8393201074413934,
      1.673380615959639,
      1.07052734375,
      1.1006392669677734,
      1.160627975463867,
      1.270674362182617,
      1.4403564453125,
      1.87067138671875,
      2.060402526855469,
      2.1605233764648437,
      2.2105455017089843,
      2.250548095703125,
      0.8401219177246094,
      0.8099800109863281,
      0.8097545623779296,
      0.9609095764160156,
      1.298456268310547,
      1.6917323303222656,
      2.148593292236328,
      2.390784912109375,
      2.489771423339844,
      2.489981384277344,
      2.479949493408203,
      1.66
    ],
    "Y": [
      2.2070391391602437,
      2.009970484554624,
      1.8302888958426096,
      1.8421370890665478,
      2.0422146746309804,
      2.218848829354694,
      2.3674284610431546,
      2.467779487270694,
      2.478153839524648,
      2.4085388424807395,
      2.1692180793895877,
      2.0087645979925925,
      1.9997740636778345,
      2.7838406583563597,
      1.2423880004882812,
      1.0727127075195313,
      0.8928901672363281,
      0.7230259704589844,
      0.6731016540527344,
      0.6831025695800781,
      0.6929904174804687,
      0.8928756713867188,
      1.0927726745605468,
      1.2724546813964843,
      1.2602131652832032,
      0.96939208984375,
      0.6308349609375,
      0.359295654296875,
      0.23029876708984376,
      0.21003936767578124,
      0.24945343017578125,
      0.4511045837402344,
      0.7288755798339843,
      0.9908375549316406,
      1.2596510314941407,
      0.67
    ],
    "VX": [
      -0.000007708909777771742,
      -0.000003464245843859204,
      0.000003000381542205972,
      -0.000004218681516958554,
      0.000007653656190639832,
      0.000006385816248960478,
      -0.000003193498369525256,
      -0.0000016286892375800458,
      4.5473334488156347e-7,
      0.000004860772309250583,
      7.278692077147951e-9,
      -0.0000014976517370947159,
      -4.782056467195792e-7,
      -0.0000023098028669060092,
      0,
      0,
      0,
      0,
      0,
      0,
      0,
      0,
      0,
      0,
      0,
      0,
      0,
      0,
      0,
      0,
      0,
      0,
      0,
      0,
      0,
      0
    ],
    "VY": [
      -0.0000022251206484695544,
      -0.000003623668596624824,
      9.797467243282387e-8,
      0.0000017604296335849175,
      -9.915998705270905e-7,
      -0.0000032189575781130874,
      4.137540116259674e-7,
      -0.00000112806530886357,
      -0.000004013624138269423,
      -0.000003875085731243013,
      0.000007845533836430509,
      0.000008592969008125403,
      0.000003938455239226472,
      -0.000011619492547845184,
      0,
      0,
      0,
      0,
      0,
      0,
      0,
      0,
      0,
      0,
      0,
      0,
      0,
      0,
      0,
      0,
      0,
      0,
      0,
      0,
      0,
      0
    ],
    "CHARGE": [
      0,
      0,
      0,
      0,
      0,
      0,
      0,
      0,
      0,
      0,
      0,
      0,
      0,
      0,
      0,
      0,
      0,
      0,
      0,
      0,
      0,
      0,
      0,
      0,
      0,
      0,
      0,
      0,
      0,
      0,
      0,
      0,
      0,
      0,
      0,
      0
    ]
  }
}