{
  "temperature_control": false,
  "epsilon": -0.20000000298023224,
  "sigma": 0.2,
  "lennard_jones_forces": true,
  "coulomb_forces": false,
  "width": 4,
  "height": 2.1,
  "atoms": {
    "X": [
      0.8554095771570762,
      0.6676547606991976,
      0.6989602478387016,
      0.8960454578239512,
      0.5440099691712786,
      0.5379199873097946,
      0.8041536115651411,
      0.9314466417298966,
      1.1458952386488475,
      1.394870818096725,
      1.611714145219138,
      1.7335712469628357,
      1.7359451175303782,
      1.6085883597356008,
      1.3940089480854576,
      1.145098803787036,
      0.928247517557835,
      0.8064583399535573,
      1.2700024222551065
    ],
    "Y": [
      1.6141037675405892,
      1.380871960612991,
      0.5896677416302407,
      0.36426506447019846,
      0.8458695332062013,
      1.1452219325397806,
      1.1354441483561108,
      1.3494452557569105,
      1.4759963143060038,
      1.4729012464787337,
      1.3505184134450234,
      1.1333979231145255,
      0.8844527561258998,
      0.6705480642083057,
      0.5443570984761726,
      0.54707555632214,
      0.6693421469588458,
      0.886483198597835,
      1.0100757557069884
    ],
    "VX": [
      0,
      0,
      0,
      0,
      0,
      0,
      0,
      0,
      0,
      0,
      0,
      0,
      0,
      0,
      0,
      0,
      0,
      0,
      0
    ],
    "VY": [
      0,
      0,
      0,
      0,
      0,
      0,
      0,
      0,
      0,
      0,
      0,
      0,
      0,
      0,
      0,
      0,
      0,
      0,
      0
    ],
    "CHARGE": [
      0,
      0,
      0,
      0,
      0,
      0,
      0,
      0,
      0,
      0,
      0,
      0,
      0,
      0,
      0,
      0,
      0,
      0,
      0
    ]
  }
}