{
  "temperature_control": false,
  "epsilon": -0.010413200538605453,
  "sigma": 0.34400001525878904,
  "lennard_jones_forces": true,
  "coulomb_forces": false,
  "width": 3,
  "height": 3,
  "atoms": {
    "X": [
      1,
      2.000000014901161
    ],
    "Y": [
      1.5,
      1.5
    ],
    "VX": [
      0.00014032917655330474,
      -0.00014032917655330474
    ],
    "VY": [
      -0.000285463343061186,
      0.000285463343061186
    ],
    "CHARGE": [
      0,
      0
    ]
  }
}