{
  "temperature_control": false,
  "epsilon": 0,
  "sigma": 0.14,
  "lennard_jones_forces": true,
  "coulomb_forces": false,
  "width": null,
  "height": null,
  "atoms": {
    "X": [
      0.7492928775477564,
      0.6507071224522436,
      1.6626008003037387,
      1.8173991996962613,
      1.2317553414250189,
      1.148244658574981,
      1.8796522652047576,
      1.7403477347952423,
      0.6159288148692583,
      0.5840711851307416
    ],
    "Y": [
      0.7757736521886688,
      0.6442263478113307,
      1.6406261981808985,
      1.6993738018191016,
      2.199201323729506,
      2.3407986762704938,
      0.5652560808737581,
      0.6547439191262419,
      1.4887612826061951,
      1.651238717393805
    ],
    "VX": [
      -0.0011200717796288591,
      -0.0016085444708896614,
      0.0004383688513355591,
      0.0009761786146418493,
      -0.0011200717796288591,
      -0.0016085444708896614,
      0.0004383688513355591,
      0.0009761786146418493,
      0.0004383688513355591,
      0.0009761786146418493
    ],
    "VY": [
      0.0004139049256744862,
      0.0004238127165643786,
      0.0015390096943614946,
      -0.0015555838913610498,
      0.0004139049256744862,
      0.0004238127165643786,
      0.0015390096943614946,
      -0.0015555838913610498,
      0.0015390096943614946,
      -0.0015555838913610498
    ],
    "CHARGE": [
      0,
      0,
      0,
      0,
      0,
      0,
      0,
      0,
      0,
      0
    ]
  }
}