{
  "temperature_control": false,
  "epsilon": 0,
  "sigma": 0.14,
  "lennard_jones_forces": true,
  "coulomb_forces": false,
  "width": null,
  "height": null,
  "atoms": {
    "X": [
      0.579248976263729,
      0.660751023736271,
      1.1117181423276008,
      1.2104197710830447,
      1.7192489762637297,
      1.8007510237362703
    ],
    "Y": [
      1.3372232497490597,
      1.4827767502509404,
      0.7802488965824219,
      0.5488108878826253,
      1.2972232497490597,
      1.4427767502509403
    ],
    "VX": [
      0.0018020847509394775,
      0.0006917245098786197,
      0.001040698156998557,
      -0.0008001987081906391,
      0.0018020847509394775,
      0.0006917245098786197
    ],
    "VY": [
      -0.0004713725414495413,
      0.00020743365921404907,
      0.0004837396463587673,
      -0.0004159420534558525,
      -0.0004713725414495413,
      0.00020743365921404907
    ],
    "CHARGE": [
      0,
      0,
      0,
      0,
      0,
      0
    ]
  }
}