{
  "temperature_control": false,
  "epsilon": 0,
  "sigma": 0.14,
  "lennard_jones_forces": true,
  "coulomb_forces": false,
  "width": null,
  "height": null,
  "atoms": {
    "X": [
      1.129248976263729,
      1.210751023736271,
      0.47064918562227803,
      0.569350814377722,
      0.94924897626373,
      1.0307510237362703,
      2.180649185622278,
      2.279350814377722,
      1.610649185622278,
      1.709350814377722
    ],
    "Y": [
      1.5472232497490597,
      1.6927767502509403,
      1.3957190043498984,
      1.1642809956501017,
      0.6072232497490597,
      0.7527767502509402,
      1.4557190043498982,
      1.2242809956501017,
      0.7457190043498982,
      0.5142809956501018
    ],
    "VX": [
      0.0018020847509394775,
      0.0006917245098786197,
      0.001040698156998557,
      -0.0008001987081906391,
      0.0018020847509394775,
      0.0006917245098786197,
      0.001040698156998557,
      -0.0008001987081906391,
      0.001040698156998557,
      -0.0008001987081906391
    ],
    "VY": [
      -0.0004713725414495413,
      0.00020743365921404907,
      0.0004837396463587673,
      -0.0004159420534558525,
      -0.0004713725414495413,
      0.00020743365921404907,
      0.0004837396463587673,
      -0.0004159420534558525,
      0.0004837396463587673,
      -0.0004159420534558525
    ],
    "CHARGE": [
      0,
      0,
      0,
      0,
      0,
      0,
      0,
      0,
      0,
      0
    ]
  }
}