{
  "temperature_control": false,
  "epsilon": 0,
  "sigma": 0.14,
  "lennard_jones_forces": true,
  "coulomb_forces": false,
  "width": 2.6,
  "height": 2,
  "atoms": {
    "X": [
      1.2765527725219727,
      1.4434472274780275,
      1.6692795319091704,
      1.79072046809083,
      0.71998577067361,
      0.78001422932639
    ],
    "Y": [
      1.667201690673828,
      1.6727983093261718,
      0.9726912304818444,
      1.0873087695181556,
      0.5820871233569352,
      0.7379128766430648
    ],
    "VX": [
      -0.0008653637766838074,
      -0.000739225372672081,
      -0.0008653637766838074,
      -0.000739225372672081,
      -0.0008653637766838074,
      -0.000739225372672081
    ],
    "VY": [
      0.00042888592928647996,
      -0.0013852180540561677,
      0.00042888592928647996,
      -0.0013852180540561677,
      0.00042888592928647996,
      -0.0013852180540561677
    ],
    "CHARGE": [
      0,
      0,
      0,
      0,
      0,
      0
    ]
  }
}