{
  "temperature_control": false,
  "epsilon": 0,
  "sigma": 0.14,
  "lennard_jones_forces": true,
  "coulomb_forces": false,
  "width": null,
  "height": null,
  "atoms": {
    "X": [
      0.699248976263729,
      0.7807510237362711,
      0.9506491856222781,
      1.049350814377722,
      1.7192489762637297,
      1.8007510237362703,
      1.710649185622278,
      1.809350814377722
    ],
    "Y": [
      0.5572232497490597,
      0.7027767502509402,
      1.5157190043498983,
      1.2842809956501018,
      1.2972232497490597,
      1.4427767502509403,
      0.9057190043498983,
      0.6742809956501017
    ],
    "VX": [
      0.0018020847509394775,
      0.0006917245098786197,
      0.001040698156998557,
      -0.0008001987081906391,
      0.0018020847509394775,
      0.0006917245098786197,
      0.001040698156998557,
      -0.0008001987081906391
    ],
    "VY": [
      -0.0004713725414495413,
      0.00020743365921404907,
      0.0004837396463587673,
      -0.0004159420534558525,
      -0.0004713725414495413,
      0.00020743365921404907,
      0.0004837396463587673,
      -0.0004159420534558525
    ],
    "CHARGE": [
      0,
      0,
      0,
      0,
      0,
      0,
      0,
      0
    ]
  }
}