{
  "temperature_control": false,
  "epsilon": 0,
  "sigma": 0.14,
  "lennard_jones_forces": true,
  "coulomb_forces": false,
  "width": null,
  "height": null,
  "atoms": {
    "X": [
      0.7865527725219728,
      0.9534472274780272,
      1.6692795319091704,
      1.79072046809083
    ],
    "Y": [
      1.447201690673828,
      1.4527983093261718,
      0.5826912304818443,
      0.6973087695181556
    ],
    "VX": [
      -0.0008653637766838074,
      -0.000739225372672081,
      -0.0008653637766838074,
      -0.000739225372672081
    ],
    "VY": [
      0.00042888592928647996,
      -0.0013852180540561677,
      0.00042888592928647996,
      -0.0013852180540561677
    ],
    "CHARGE": [
      0,
      0,
      0,
      0
    ]
  }
}