{
  "temperature_control": false,
  "epsilon": 0,
  "sigma": 0.14,
  "lennard_jones_forces": true,
  "coulomb_forces": false,
  "width": null,
  "height": null,
  "atoms": {
    "X": [
      2.0265527725219727,
      2.1934472274780275,
      0.6892795319091702,
      0.8107204680908298,
      1.2199857706736101,
      1.28001422932639,
      1.5592795319091701,
      1.6807204680908296
    ],
    "Y": [
      1.697201690673828,
      1.7027983093261718,
      1.3526912304818444,
      1.4673087695181557,
      0.3320871233569352,
      0.4879128766430648,
      1.0726912304818443,
      1.1873087695181557
    ],
    "VX": [
      -0.0008653637766838074,
      -0.000739225372672081,
      -0.0008653637766838074,
      -0.000739225372672081,
      -0.0008653637766838074,
      -0.000739225372672081,
      -0.0008653637766838074,
      -0.000739225372672081
    ],
    "VY": [
      0.00042888592928647996,
      -0.0013852180540561677,
      0.00042888592928647996,
      -0.0013852180540561677,
      0.00042888592928647996,
      -0.0013852180540561677,
      0.00042888592928647996,
      -0.0013852180540561677
    ],
    "CHARGE": [
      0,
      0,
      0,
      0,
      0,
      0,
      0,
      0
    ]
  }
}