{
  "temperature_control": false,
  "epsilon": 0,
  "sigma": 0.14,
  "lennard_jones_forces": true,
  "coulomb_forces": false,
  "width": 2.6,
  "height": 2,
  "atoms": {
    "X": [
      1.529248976263729,
      1.610751023736271,
      2.17480234692658,
      2.3051976530734204,
      1.2147177413550097,
      1.0252822586449903,
      1.311425048924553,
      1.168574951075447,
      0.567598004209414,
      0.4124019957905861
    ],
    "Y": [
      1.5672232497490597,
      1.7127767502509403,
      0.9379772420342819,
      1.0420227579657182,
      1.0727945669720038,
      0.9072054330279963,
      0.25692374553461034,
      0.34307625446538964,
      1.5594115862562712,
      1.620588413743729
    ],
    "VX": [
      0.0018020847509394775,
      0.0006917245098786197,
      0.0018020847509394775,
      0.0006917245098786197,
      0.001040698156998557,
      -0.0008001987081906391,
      0.0018020847509394775,
      0.0006917245098786197,
      0.0018020847509394775,
      0.0006917245098786197
    ],
    "VY": [
      -0.0004713725414495413,
      0.00020743365921404907,
      -0.0004713725414495413,
      0.00020743365921404907,
      0.0004837396463587673,
      -0.0004159420534558525,
      -0.0004713725414495413,
      0.00020743365921404907,
      -0.0004713725414495413,
      0.00020743365921404907
    ],
    "CHARGE": [
      0,
      0,
      0,
      0,
      0,
      0,
      0,
      0,
      0,
      0
    ]
  }
}