{
  "temperature_control": false,
  "epsilon": 0,
  "sigma": 0.14,
  "lennard_jones_forces": true,
  "coulomb_forces": false,
  "width": null,
  "height": null,
  "atoms": {
    "X": [
      1.1943091583251952,
      1.36120361328125,
      0.9709169006347657,
      1.0381529998779297,
      2.055143127441406,
      1.8343006896972656
    ],
    "Y": [
      0.3981846618652344,
      0.4037812805175781,
      1.2817232513427734,
      1.039149856567383,
      1.4307559967041015,
      1.5509233093261718
    ],
    "VX": [
      -0.0008653637766838074,
      -0.000739225372672081,
      0.0001843058690428734,
      0.001541149914264679,
      -0.00048603657633066176,
      0.00022809268906712532
    ],
    "VY": [
      0.00042888592928647996,
      -0.0013852180540561677,
      -0.0006584689021110534,
      -0.00008833045139908791,
      -0.00005866617430001497,
      0.0014355297386646271
    ],
    "CHARGE": [
      0,
      0,
      0,
      0,
      0,
      0
    ]
  }
}