{
  "temperature_control": false,
  "epsilon": 0,
  "sigma": 0.21,
  "lennard_jones_forces": true,
  "coulomb_forces": false,
  "width": 2.6,
  "height": 2,
  "atoms": {
    "X": [
      1.4547177413550096,
      1.2652822586449903
    ],
    "Y": [
      1.0527945669720038,
      0.8872054330279963
    ],
    "VX": [
      0.001040698156998557,
      -0.0008001987081906391
    ],
    "VY": [
      0.0004837396463587673,
      -0.0004159420534558525
    ],
    "CHARGE": [
      0,
      0
    ]
  }
}