{
  "temperature_control": false,
  "epsilon": 0,
  "sigma": 0.14,
  "lennard_jones_forces": true,
  "coulomb_forces": false,
  "width": 2.6,
  "height": 2,
  "atoms": {
    "X": [
      2.0992489762637287,
      2.180751023736271,
      0.8848023469265796,
      1.0151976530734204,
      0.5747177413550096,
      0.3852822586449903,
      1.540649185622278,
      1.639350814377722,
      1.2714250489245529,
      1.128574951075447
    ],
    "Y": [
      1.3672232497490597,
      1.5127767502509402,
      1.3579772420342817,
      1.462022757965718,
      0.9627945669720037,
      0.7972054330279963,
      0.7357190043498982,
      0.5042809956501018,
      0.31692374553461033,
      0.40307625446538964
    ],
    "VX": [
      0.0018020847509394775,
      0.0006917245098786197,
      0.0018020847509394775,
      0.0006917245098786197,
      0.001040698156998557,
      -0.0008001987081906391,
      0.001040698156998557,
      -0.0008001987081906391,
      0.0018020847509394775,
      0.0006917245098786197
    ],
    "VY": [
      -0.0004713725414495413,
      0.00020743365921404907,
      -0.0004713725414495413,
      0.00020743365921404907,
      0.0004837396463587673,
      -0.0004159420534558525,
      0.0004837396463587673,
      -0.0004159420534558525,
      -0.0004713725414495413,
      0.00020743365921404907
    ],
    "CHARGE": [
      0,
      0,
      0,
      0,
      0,
      0,
      0,
      0,
      0,
      0
    ]
  }
}