{
  "temperature_control": false,
  "epsilon": 0,
  "sigma": 0.14,
  "lennard_jones_forces": true,
  "coulomb_forces": false,
  "width": 2.6,
  "height": 2,
  "atoms": {
    "X": [
      0.7165527725219728,
      0.8834472274780274,
      0.46638195037841795,
      0.533618049621582,
      1.6804212188720704,
      1.4595787811279297,
      1.756381950378418,
      1.8236180496215821
    ],
    "Y": [
      0.4672016906738281,
      0.4727983093261719,
      1.4412866973876952,
      1.1987133026123047,
      1.4199163436889648,
      1.5400836563110352,
      0.7812866973876953,
      0.5387133026123047
    ],
    "VX": [
      -0.0008653637766838074,
      -0.000739225372672081,
      0.0001843058690428734,
      0.001541149914264679,
      -0.00048603657633066176,
      0.00022809268906712532,
      0.0001843058690428734,
      0.001541149914264679
    ],
    "VY": [
      0.00042888592928647996,
      -0.0013852180540561677,
      -0.0006584689021110534,
      -0.00008833045139908791,
      -0.00005866617430001497,
      0.0014355297386646271,
      -0.0006584689021110534,
      -0.00008833045139908791
    ],
    "CHARGE": [
      0,
      0,
      0,
      0,
      0,
      0,
      0,
      0
    ]
  }
}