{
  "temperature_control": false,
  "width": 3.5,
  "height": 2.5,
  "chargeShading": false,
  "showVDWLines": false,
  "VDWLinesRatio": 1.99,
  "elements": [
    {
      "id": 0,
      "mass": 120,
      "sigma": 0.07,
      "epsilon": -0.1
    },
    {
      "id": 1,
      "mass": 240,
      "sigma": 0.14,
      "epsilon": -0.1
    },
    {
      "id": 2,
      "mass": 360,
      "sigma": 0.21,
      "epsilon": -0.1
    },
    {
      "id": 3,
      "mass": 480,
      "sigma": 0.32,
      "epsilon": -0.1
    }
  ],
  "atoms": {
    "X": [
      1.7074122792554633,
      0.4186739257146838,
      2.0634273767774913,
      1.1833457308247806
    ],
    "Y": [
      1.789166720033033,
      1.8573251602228027,
      1.7862352577342255,
      1.7524264625697106
    ],
    "VX": [
      -0.00010376360848618397,
      -0.0001590562619662854,
      -0.00007345251260713202,
      -0.00007962243021309546
    ],
    "VY": [
      0.00006718271667881418,
      -0.0000775409366949127,
      0.00021624473539474904,
      0.0003512199402268887
    ],
    "CHARGE": [
      0,
      0,
      0,
      0
    ],
    "ELEMENT": [
      3,
      3,
      3,
      3
    ]
  },
  "obstacles": {
    "x": [
      0.07,
      0.75,
      1.02,
      1.28,
      1.56,
      1.82,
      2.1
    ],
    "y": [
      0.48,
      0.29000000000000004,
      0.4500000000000002,
      0.30000000000000004,
      0.4500000000000002,
      0.32000000000000006,
      0.4700000000000002
    ],
    "height": [
      1.15,
      1.15,
      1.15,
      1.15,
      1.15,
      1.15,
      1.15
    ],
    "width": [
      0.41,
      0.03,
      0.03,
      0.03,
      0.03,
      0.03,
      1.33
    ],
    "density": [
      "Infinity",
      "Infinity",
      "Infinity",
      "Infinity",
      "Infinity",
      "Infinity",
      "Infinity"
    ],
    "color": [
      [
        128,
        192,
        255
      ],
      [
        128,
        128,
        128
      ],
      [
        128,
        128,
        128
      ],
      [
        128,
        128,
        128
      ],
      [
        128,
        128,
        128
      ],
      [
        128,
        128,
        128
      ],
      [
        128,
        128,
        128
      ]
    ],
    "visible": [
      true,
      true,
      true,
      true,
      true,
      true,
      true
    ]
  }
}