{
  "temperature_control": false,
  "width": 3.5,
  "height": 2.5,
  "viscosity": 0,
  "keShading": false,
  "chargeShading": false,
  "showVDWLines": false,
  "VDWLinesRatio": 2,
  "gravitationalField": 8.000000000000001e-7,
  "showClock": true,
  "viewRefreshInterval": 50,
  "timeStep": 1,
  "elements": [
    {
      "id": 0,
      "mass": 120,
      "sigma": 0.07,
      "epsilon": -0.1
    },
    {
      "id": 1,
      "mass": 240,
      "sigma": 0.14,
      "epsilon": -0.1
    },
    {
      "id": 2,
      "mass": 360,
      "sigma": 0.21,
      "epsilon": -0.1
    },
    {
      "id": 3,
      "mass": 480,
      "sigma": 0.32,
      "epsilon": -0.1
    }
  ],
  "atoms": {
    "X": [
      1.7180941595945805,
      0.26223841203984893,
      2.4843420405660988,
      0.6688775082110809
    ],
    "Y": [
      1.7894385424758184,
      1.815632061749754,
      1.793283913477364,
      1.8039455786658782
    ],
    "VX": [
      -0.00015847398195739188,
      0.00028296358979368064,
      0.00012290637021089083,
      -0.00003173482837434467
    ],
    "VY": [
      0.00003828336368421069,
      -0.00010254430770895548,
      -0.00019271376061281604,
      -0.0002431652498093917
    ],
    "CHARGE": [
      0,
      0,
      0,
      0
    ],
    "FRICTION": [
      0,
      0,
      0,
      0
    ],
    "ELEMENT": [
      3,
      3,
      3,
      3
    ],
    "PINNED": [
      0,
      0,
      0,
      0
    ]
  },
  "obstacles": {
    "x": [
      0.07,
      0.75,
      1.02,
      1.28,
      1.56,
      1.82,
      2.1
    ],
    "y": [
      0.48,
      0.4600000000000002,
      0.4700000000000002,
      0.4700000000000002,
      0.4700000000000002,
      0.48,
      0.4700000000000002
    ],
    "vx": [
      0,
      0,
      0,
      0,
      0,
      0,
      0
    ],
    "vy": [
      0,
      0,
      0,
      0,
      0,
      0,
      0
    ],
    "height": [
      1.15,
      1.15,
      1.15,
      1.15,
      1.15,
      1.15,
      1.15
    ],
    "width": [
      0.41,
      0.03,
      0.03,
      0.03,
      0.03,
      0.03,
      1.33
    ],
    "density": [
      "Infinity",
      "Infinity",
      "Infinity",
      "Infinity",
      "Infinity",
      "Infinity",
      "Infinity"
    ],
    "color": [
      [
        128,
        192,
        255
      ],
      [
        128,
        128,
        128
      ],
      [
        128,
        128,
        128
      ],
      [
        128,
        128,
        128
      ],
      [
        128,
        128,
        128
      ],
      [
        128,
        128,
        128
      ],
      [
        128,
        128,
        128
      ]
    ],
    "visible": [
      true,
      true,
      true,
      true,
      true,
      true,
      true
    ]
  }
}