{
  "temperature_control": false,
  "lennard_jones_forces": true,
  "coulomb_forces": false,
  "width": 3.5,
  "height": 2.5,
  "elements": [
    {
      "id": 0,
      "mass": null,
      "sigma": 0.07,
      "epsilon": -0.1
    },
    {
      "id": 1,
      "mass": 240,
      "sigma": 0.14,
      "epsilon": -0.1
    },
    {
      "id": 2,
      "mass": 360,
      "sigma": 0.21,
      "epsilon": -0.1
    },
    {
      "id": 3,
      "mass": 480,
      "sigma": 0.32,
      "epsilon": -0.1
    }
  ],
  "atoms": {
    "X": [
      1.7180941595945805,
      0.26223841203984893,
      2.4843420405660988,
      0.6688775082110809
    ],
    "Y": [
      1.7894385424758184,
      1.815632061749754,
      1.793283913477364,
      1.8039455786658782
    ],
    "VX": [
      -0.00015847398195739188,
      0.00028296358979368064,
      0.00012290637021089083,
      -0.00003173482837434467
    ],
    "VY": [
      0.00003828336368421069,
      -0.00010254430770895548,
      -0.00019271376061281604,
      -0.0002431652498093917
    ],
    "CHARGE": [
      0,
      0,
      0,
      0
    ],
    "ELEMENT": [
      3,
      3,
      3,
      3
    ]
  }
}