{
  "temperature_control": false,
  "lennard_jones_forces": true,
  "coulomb_forces": false,
  "width": 3.5,
  "height": 2.5,
  "elements": [
    {
      "id": 0,
      "mass": null,
      "sigma": 0.07,
      "epsilon": -0.1
    },
    {
      "id": 1,
      "mass": 240,
      "sigma": 0.14,
      "epsilon": -0.1
    },
    {
      "id": 2,
      "mass": 360,
      "sigma": 0.21,
      "epsilon": -0.1
    },
    {
      "id": 3,
      "mass": 480,
      "sigma": 0.32,
      "epsilon": -0.1
    }
  ],
  "atoms": {
    "X": [
      1.7074122792554633,
      0.4186739257146838,
      2.0634273767774913,
      1.1833457308247806
    ],
    "Y": [
      1.789166720033033,
      1.8573251602228027,
      1.7862352577342255,
      1.7524264625697106
    ],
    "VX": [
      -0.00010376360848618397,
      -0.0001590562619662854,
      -0.00007345251260713202,
      -0.00007962243021309546
    ],
    "VY": [
      0.00006718271667881418,
      -0.0000775409366949127,
      0.00021624473539474904,
      0.0003512199402268887
    ],
    "CHARGE": [
      0,
      0,
      0,
      0
    ],
    "ELEMENT": [
      3,
      3,
      3,
      3
    ]
  }
}